Num_Cta,Cli_codigo,TipoCuenta,Sucursal,FechaApertura,Saldo
191-10001-57,C0001,CTA CORRIENTE,San Isidro,29/07/2022,7627.35
191-10002-92,C0002,CTA CORRIENTE,Miraflores,11/07/2023,7647.18
191-10003-36,C0003,CTA CORRIENTE,Lince,24/07/2023,2258.19
191-10004-60,C0004,NA,San Isidro,28/02/2022,9254.54
191-10005-88,C0005,NA,San Isidro,17/01/2011,8956.84
191-10006-95,C0006,CTA AHORROS DOLARES,Surco,19/08/2013,1200.62
191-10007-32,C0007,CTA AHORROS SOLES,Cajamarca,27/05/2013,4517.56
191-10008-17,C0008,NA,San Isidro,26/08/2018,11093.21
191-10009-23,C0009,CTA AHORROS DOLARES,San Isidro,25/11/2012,545.29
191-10010-95,C0010,NA,Miraflores,23/06/2012,13932.05
191-10011-91,C0011,CTA CORRIENTE,Lince,14/10/2012,12264.56
191-10012-66,C0012,CTA AHORROS SOLES,La Molina,11/12/2024,12741.15
191-10013-44,C0013,NA,Cajamarca,03/12/2024,14367.04
191-10014-87,C0014,CTA AHORROS SOLES,Callao,15/05/2013,8185.11
191-10015-41,C0015,NA,La Molina,29/01/2020,6845.46
191-10016-41,C0016,CTA CORRIENTE,Cajamarca,15/01/2022,5759.84
191-10017-79,C0017,CTA AHORROS DOLARES,San Isidro,25/06/2013,5087.91
191-10018-56,C0018,CTA CORRIENTE,Surco,15/07/2019,9529.04
191-10019-42,C0019,CTA AHORROS SOLES,Callao,25/06/2013,10716.56
191-10020-29,C0020,NA,Miraflores,05/06/2020,4516.68
191-10021-34,C0021,CTA AHORROS DOLARES,Cajamarca,26/11/2017,13334.95
191-10022-41,C0022,CTA AHORROS DOLARES,Callao,19/02/2024,9682.79
191-10023-94,C0023,CTA AHORROS SOLES,Miraflores,24/05/2023,6157.31
191-10024-71,C0024,CTA AHORROS SOLES,Callao,25/08/2021,3598.58
191-10025-38,C0025,CTA AHORROS DOLARES,Miraflores,20/10/2010,12102.16
191-10026-99,C0026,CTA AHORROS SOLES,Cajamarca,08/04/2011,4205.28
191-10027-25,C0027,NA,Lince,11/01/2012,10351.49
191-10028-35,C0028,CTA AHORROS DOLARES,Callao,30/09/2015,10972.1
191-10029-57,C0029,CTA AHORROS DOLARES,Lince,15/02/2019,2961.16
191-10030-77,C0030,NA,San Isidro,09/06/2017,4211.33
191-10031-54,C0031,CTA AHORROS SOLES,Callao,06/02/2023,12542.93
191-10032-80,C0032,NA,Lince,31/03/2024,6555.67
191-10033-72,C0033,CTA CORRIENTE,Miraflores,27/02/2019,14714.55
191-10034-40,C0034,NA,Surco,12/12/2011,3513.07
191-10035-81,C0035,CTA AHORROS DOLARES,La Molina,23/04/2017,12331.35
191-10036-95,C0036,CTA AHORROS SOLES,La Molina,30/12/2023,14233.03
191-10037-75,C0037,CTA CORRIENTE,Callao,30/05/2014,8648.4
191-10038-61,C0038,CTA AHORROS DOLARES,Lince,22/09/2018,9951.93
191-10039-96,C0039,CTA CORRIENTE,Miraflores,05/06/2018,984.85
191-10040-18,C0040,CTA AHORROS SOLES,La Molina,12/02/2024,2843.2
191-10041-47,C0041,CTA AHORROS SOLES,La Molina,01/07/2015,10684.35
191-10042-34,C0042,NA,Surco,06/07/2017,1378.03
191-10043-39,C0043,CTA AHORROS SOLES,Callao,10/10/2018,2773.31
191-10044-73,C0044,CTA CORRIENTE,Lince,08/08/2013,4123.12
191-10045-45,C0045,CTA AHORROS DOLARES,San Isidro,01/03/2016,2275.0
191-10046-48,C0046,CTA AHORROS DOLARES,Lince,12/06/2012,12343.01
191-10047-38,C0047,CTA AHORROS DOLARES,Lince,20/01/2018,8474.32
191-10048-39,C0048,NA,Cajamarca,28/01/2012,8871.62
191-10049-98,C0049,NA,La Molina,14/12/2010,6652.32
191-10050-14,C0050,CTA AHORROS SOLES,Callao,10/10/2023,3344.76
191-10051-91,C0051,NA,San Isidro,10/10/2014,6881.9
191-10052-82,C0052,CTA AHORROS DOLARES,Cajamarca,01/06/2011,14092.7
191-10053-14,C0053,CTA CORRIENTE,La Molina,19/12/2010,7038.97
191-10054-84,C0054,CTA CORRIENTE,Cajamarca,02/05/2015,10837.55
191-10055-75,C0055,NA,Cajamarca,22/07/2019,10301.0
191-10056-56,C0056,CTA CORRIENTE,Surco,03/03/2017,4848.57
191-10057-57,C0057,CTA CORRIENTE,Miraflores,12/10/2015,10333.34
191-10058-30,C0058,NA,Cajamarca,08/02/2010,3714.47
191-10059-56,C0059,CTA AHORROS DOLARES,Callao,30/09/2024,2673.78
191-10060-84,C0060,CTA AHORROS SOLES,Miraflores,17/12/2017,8952.39
191-10061-12,C0061,CTA CORRIENTE,Surco,08/02/2019,14371.78
191-10062-95,C0062,CTA CORRIENTE,La Molina,27/04/2018,1566.18
191-10063-82,C0063,CTA CORRIENTE,La Molina,21/12/2023,820.04
191-10064-55,C0064,CTA AHORROS SOLES,Callao,07/04/2021,13286.28
191-10065-68,C0065,CTA CORRIENTE,Lince,12/09/2016,11508.22
191-10066-12,C0066,CTA AHORROS SOLES,Miraflores,04/07/2019,1404.75
191-10067-57,C0067,CTA AHORROS DOLARES,Surco,08/08/2013,14300.87
191-10068-26,C0068,NA,San Isidro,17/02/2022,14160.85
191-10069-48,C0069,CTA AHORROS SOLES,La Molina,30/10/2020,7018.36
191-10070-54,C0070,CTA AHORROS SOLES,Lince,31/12/2017,12023.74
191-10071-68,C0071,CTA CORRIENTE,San Isidro,05/01/2016,3270.44
191-10072-94,C0072,CTA AHORROS DOLARES,Lince,22/05/2011,5784.11
191-10073-93,C0073,CTA AHORROS DOLARES,La Molina,12/08/2015,799.58
191-10074-92,C0074,CTA AHORROS DOLARES,Miraflores,15/12/2023,8795.38
191-10075-72,C0075,NA,Cajamarca,08/09/2024,1144.83
191-10076-92,C0076,NA,La Molina,16/04/2010,9160.03
191-10077-53,C0077,CTA AHORROS SOLES,San Isidro,25/01/2012,13465.47
191-10078-84,C0078,CTA AHORROS DOLARES,Callao,28/08/2021,10274.26
191-10079-60,C0079,CTA AHORROS DOLARES,Miraflores,16/07/2019,13702.88
191-10080-30,C0080,CTA CORRIENTE,Lince,21/05/2020,10691.32
191-10081-45,C0081,CTA AHORROS SOLES,Miraflores,23/03/2015,13775.11
191-10082-62,C0082,CTA AHORROS DOLARES,Callao,02/07/2017,9839.62
191-10083-43,C0083,CTA AHORROS SOLES,San Isidro,23/06/2024,4030.76
191-10084-30,C0084,CTA AHORROS DOLARES,Lince,12/09/2019,5461.23
191-10085-81,C0085,CTA CORRIENTE,Lince,14/07/2012,8415.45
191-10086-37,C0086,CTA CORRIENTE,Miraflores,22/08/2015,13778.84
191-10087-83,C0087,CTA AHORROS DOLARES,Callao,05/03/2011,5744.14
191-10088-34,C0088,NA,Cajamarca,17/03/2018,12345.73
191-10089-38,C0089,NA,Lince,22/06/2012,10163.28
191-10090-35,C0090,NA,Lince,25/12/2010,8065.71
191-10091-77,C0091,CTA AHORROS SOLES,Surco,30/08/2019,11259.32
191-10092-49,C0092,NA,Surco,26/09/2018,11886.57
191-10093-69,C0093,CTA CORRIENTE,Miraflores,05/01/2013,4414.96
191-10094-67,C0094,CTA AHORROS SOLES,Miraflores,05/01/2020,13733.69
191-10095-59,C0095,CTA AHORROS SOLES,Miraflores,17/08/2011,10771.95
191-10096-80,C0096,NA,La Molina,30/05/2012,2224.77
191-10097-41,C0097,CTA AHORROS SOLES,Cajamarca,23/12/2015,14913.87
191-10098-13,C0098,CTA AHORROS DOLARES,La Molina,27/12/2015,14697.8
191-10099-49,C0099,NA,Callao,20/10/2015,9130.6
191-10100-55,C0100,CTA CORRIENTE,Lince,10/10/2024,12083.43
191-10101-29,C0101,CTA AHORROS DOLARES,San Isidro,18/09/2018,1535.52
191-10102-58,C0102,CTA AHORROS SOLES,Miraflores,06/01/2019,8188.07
191-10103-48,C0103,NA,Miraflores,12/05/2017,3140.7
191-10104-50,C0104,NA,Lince,04/02/2018,776.91
191-10105-27,C0105,CTA AHORROS DOLARES,Callao,03/03/2012,2237.41
191-10106-23,C0106,NA,Cajamarca,23/10/2014,9371.33
191-10107-11,C0107,CTA AHORROS SOLES,Miraflores,23/02/2012,13215.12
191-10108-12,C0108,CTA AHORROS DOLARES,Miraflores,17/03/2024,9187.99
191-10109-59,C0109,CTA AHORROS DOLARES,Surco,11/04/2013,584.32
191-10110-60,C0110,CTA AHORROS SOLES,San Isidro,09/02/2020,3014.58
191-10111-63,C0111,CTA AHORROS SOLES,Callao,19/10/2012,13288.59
191-10112-99,C0112,CTA CORRIENTE,La Molina,14/04/2019,9718.72
191-10113-17,C0113,NA,San Isidro,15/11/2014,9393.93
191-10114-47,C0114,CTA AHORROS SOLES,Lince,24/12/2021,10187.91
191-10115-77,C0115,CTA CORRIENTE,Miraflores,01/05/2019,9408.48
191-10116-75,C0116,CTA AHORROS SOLES,Cajamarca,13/09/2015,7499.73
191-10117-85,C0117,NA,Lince,02/11/2020,9487.63
191-10118-98,C0118,CTA AHORROS SOLES,Lince,24/11/2021,6734.2
191-10119-13,C0119,CTA AHORROS DOLARES,San Isidro,13/08/2014,8062.33
191-10120-81,C0120,CTA AHORROS DOLARES,Callao,14/05/2024,10041.95
191-10121-71,C0121,CTA AHORROS DOLARES,Miraflores,07/10/2022,10007.65
191-10122-90,C0122,CTA AHORROS DOLARES,Callao,03/10/2011,3227.91
191-10123-64,C0123,NA,San Isidro,24/01/2020,10878.11
191-10124-58,C0124,CTA AHORROS SOLES,Cajamarca,07/01/2013,2281.55
191-10125-72,C0125,CTA AHORROS SOLES,Cajamarca,27/09/2020,11557.82
191-10126-44,C0126,NA,Miraflores,06/01/2015,9671.8
191-10127-81,C0127,CTA AHORROS SOLES,Miraflores,12/12/2023,12484.63
191-10128-88,C0128,CTA CORRIENTE,Lince,24/06/2020,11064.79
191-10129-31,C0129,CTA AHORROS SOLES,Callao,29/07/2016,1120.28
191-10130-67,C0130,CTA CORRIENTE,Callao,14/10/2010,14845.41
191-10131-97,C0131,CTA AHORROS DOLARES,Callao,27/08/2016,2515.5
191-10132-46,C0132,NA,San Isidro,07/01/2016,13661.72
191-10133-32,C0133,CTA AHORROS SOLES,Callao,09/04/2012,5555.09
191-10134-15,C0134,CTA CORRIENTE,Lince,22/03/2012,4248.87
191-10135-90,C0135,CTA CORRIENTE,Lince,11/05/2016,11322.82
191-10136-70,C0136,CTA AHORROS SOLES,San Isidro,16/11/2012,12133.39
191-10137-34,C0137,CTA CORRIENTE,La Molina,21/12/2011,13592.09
191-10138-44,C0138,CTA AHORROS DOLARES,Surco,08/09/2015,10303.9
191-10139-39,C0139,CTA CORRIENTE,San Isidro,15/12/2015,1835.3
191-10140-53,C0140,CTA AHORROS SOLES,Cajamarca,24/03/2021,12642.62
191-10141-49,C0141,NA,Callao,19/02/2020,5109.09
191-10142-25,C0142,NA,La Molina,15/01/2018,8370.95
191-10143-93,C0143,CTA AHORROS SOLES,San Isidro,23/03/2018,11129.61
191-10144-17,C0144,CTA CORRIENTE,Miraflores,27/11/2021,9078.12
191-10145-45,C0145,CTA AHORROS DOLARES,La Molina,23/12/2019,13267.79
191-10146-65,C0146,NA,Miraflores,14/10/2014,6618.63
191-10147-11,C0147,CTA AHORROS DOLARES,Lince,24/03/2017,13596.9
191-10148-54,C0148,CTA AHORROS SOLES,Cajamarca,17/07/2015,8813.4
191-10149-54,C0149,NA,Cajamarca,31/10/2010,14315.24
191-10150-90,C0150,CTA AHORROS SOLES,Callao,26/05/2013,9869.43
191-10151-55,C0151,CTA AHORROS DOLARES,Surco,28/11/2020,8216.69
191-10152-99,C0152,NA,Callao,06/12/2011,10430.51
191-10153-26,C0153,CTA AHORROS SOLES,San Isidro,11/11/2022,2796.24
191-10154-37,C0154,CTA CORRIENTE,Callao,28/11/2011,8299.61
191-10155-11,C0155,NA,Cajamarca,15/10/2023,2692.19
191-10156-73,C0156,NA,Callao,07/12/2019,1134.82
191-10157-20,C0157,NA,La Molina,13/09/2012,10628.65
191-10158-49,C0158,CTA AHORROS SOLES,La Molina,04/06/2010,6662.61
191-10159-15,C0159,CTA AHORROS DOLARES,Cajamarca,21/08/2024,6041.22
191-10160-80,C0160,NA,La Molina,07/12/2022,10373.1
191-10161-45,C0161,CTA AHORROS DOLARES,Cajamarca,01/07/2020,7492.6
191-10162-29,C0162,CTA AHORROS DOLARES,Cajamarca,12/09/2021,10062.59
191-10163-47,C0163,NA,Callao,24/12/2013,7740.15
191-10164-46,C0164,CTA AHORROS DOLARES,Cajamarca,16/06/2022,5566.95
191-10165-11,C0165,CTA CORRIENTE,La Molina,30/08/2020,11491.35
191-10166-21,C0166,CTA AHORROS SOLES,Cajamarca,08/05/2013,3469.6
191-10167-92,C0167,CTA CORRIENTE,Lince,04/01/2019,2050.4
191-10168-77,C0168,NA,Miraflores,02/01/2020,3738.82
191-10169-81,C0169,NA,La Molina,13/02/2019,7028.14
191-10170-38,C0170,CTA CORRIENTE,Cajamarca,13/10/2023,652.98
191-10171-88,C0171,CTA AHORROS DOLARES,La Molina,16/08/2022,9619.67
191-10172-91,C0172,CTA CORRIENTE,Surco,06/03/2010,3034.68
191-10173-95,C0173,CTA AHORROS DOLARES,La Molina,29/08/2019,7618.86
191-10174-74,C0174,CTA AHORROS SOLES,Surco,18/05/2022,6580.79
191-10175-51,C0175,CTA AHORROS DOLARES,Miraflores,27/12/2011,4712.32
191-10176-32,C0176,CTA AHORROS SOLES,La Molina,07/03/2018,1454.56
191-10177-66,C0177,NA,Cajamarca,01/03/2014,11782.51
191-10178-60,C0178,CTA CORRIENTE,Callao,25/12/2015,10178.26
191-10179-32,C0179,CTA AHORROS SOLES,Cajamarca,20/04/2020,11116.94
191-10180-35,C0180,CTA AHORROS DOLARES,San Isidro,04/10/2016,13554.76
191-10181-21,C0181,CTA AHORROS DOLARES,Surco,21/08/2012,9332.33
191-10182-54,C0182,CTA CORRIENTE,Surco,17/07/2017,14418.67
191-10183-80,C0183,NA,Callao,05/05/2023,9739.84
191-10184-84,C0184,NA,San Isidro,03/01/2016,2083.66
191-10185-59,C0185,CTA AHORROS SOLES,Cajamarca,25/10/2013,5851.76
191-10186-51,C0186,CTA CORRIENTE,San Isidro,02/07/2024,6018.56
191-10187-80,C0187,CTA CORRIENTE,Cajamarca,25/03/2010,13654.21
191-10188-54,C0188,NA,Surco,09/07/2012,1350.37
191-10189-23,C0189,CTA CORRIENTE,La Molina,10/08/2014,8209.03
191-10190-51,C0190,CTA AHORROS DOLARES,Miraflores,05/03/2020,4506.95
191-10191-16,C0191,CTA CORRIENTE,Cajamarca,15/01/2020,12775.66
191-10192-29,C0192,CTA AHORROS DOLARES,Cajamarca,18/02/2010,2068.56
191-10193-45,C0193,CTA CORRIENTE,La Molina,28/01/2010,3368.91
191-10194-14,C0194,CTA AHORROS SOLES,Miraflores,05/06/2021,7747.65
191-10195-42,C0195,CTA CORRIENTE,San Isidro,22/11/2018,12222.74
191-10196-30,C0196,NA,Callao,21/11/2018,11568.98
191-10197-49,C0197,CTA CORRIENTE,Miraflores,28/09/2020,7315.47
191-10198-12,C0198,CTA AHORROS SOLES,San Isidro,31/08/2017,1432.72
191-10199-44,C0199,CTA AHORROS DOLARES,La Molina,08/09/2011,6301.53
191-10200-48,C0200,CTA AHORROS SOLES,Lince,31/01/2019,13441.0
191-10201-92,C0201,NA,Lince,27/02/2019,7419.11
191-10202-97,C0202,CTA AHORROS DOLARES,Surco,14/06/2020,11715.38
191-10203-31,C0203,NA,La Molina,13/05/2018,9077.02
191-10204-56,C0204,CTA AHORROS DOLARES,Surco,25/10/2015,13016.5
191-10205-64,C0205,CTA CORRIENTE,Surco,04/03/2017,12349.4
191-10206-54,C0206,CTA AHORROS DOLARES,Lince,28/08/2021,13254.07
191-10207-12,C0207,CTA CORRIENTE,Surco,16/06/2022,10034.62
191-10208-85,C0208,CTA AHORROS SOLES,Lince,21/08/2010,6859.82
191-10209-36,C0209,CTA CORRIENTE,Callao,02/12/2010,662.01
191-10210-52,C0210,CTA CORRIENTE,Cajamarca,09/12/2011,3131.64
191-10211-76,C0211,CTA CORRIENTE,San Isidro,04/04/2021,11883.97
191-10212-91,C0212,CTA AHORROS DOLARES,Surco,13/10/2022,7966.03
191-10213-56,C0213,NA,Callao,11/08/2013,2202.8
191-10214-88,C0214,CTA AHORROS DOLARES,Callao,05/05/2022,7641.81
191-10215-20,C0215,NA,Lince,04/08/2023,2815.57
191-10216-52,C0216,CTA CORRIENTE,Cajamarca,20/11/2014,8330.04
191-10217-46,C0217,CTA AHORROS SOLES,Lince,21/03/2021,8745.22
191-10218-24,C0218,CTA AHORROS SOLES,Miraflores,07/12/2010,4527.89
191-10219-58,C0219,NA,Lince,16/06/2014,9005.25
191-10220-21,C0220,CTA AHORROS DOLARES,La Molina,09/09/2018,12297.1
191-10221-29,C0221,CTA AHORROS DOLARES,Surco,07/08/2018,10259.61
191-10222-58,C0222,CTA AHORROS DOLARES,San Isidro,08/04/2022,9104.36
191-10223-90,C0223,CTA AHORROS SOLES,Callao,20/12/2021,6589.87
191-10224-46,C0224,CTA AHORROS SOLES,Lince,03/01/2013,5441.18
191-10225-86,C0225,CTA AHORROS DOLARES,Surco,22/12/2024,14021.81
191-10226-34,C0226,NA,Callao,23/12/2011,10279.61
191-10227-81,C0227,CTA AHORROS SOLES,La Molina,01/11/2024,1631.16
191-10228-95,C0228,NA,Miraflores,12/06/2022,14973.49
191-10229-97,C0229,CTA AHORROS DOLARES,San Isidro,25/06/2020,9982.63
191-10230-37,C0230,CTA CORRIENTE,Miraflores,21/04/2021,9893.92
191-10231-12,C0231,NA,Lince,30/11/2013,9815.84
191-10232-62,C0232,NA,Surco,24/01/2023,9692.1
191-10233-21,C0233,CTA AHORROS DOLARES,Surco,30/04/2023,1238.95
191-10234-79,C0234,NA,Lince,29/07/2016,12512.92
191-10235-71,C0235,NA,La Molina,07/11/2023,1615.29
191-10236-77,C0236,CTA AHORROS DOLARES,San Isidro,16/05/2023,7500.33
191-10237-44,C0237,CTA CORRIENTE,Lince,04/12/2023,14025.3
191-10238-29,C0238,CTA CORRIENTE,Lince,01/03/2023,7089.1
191-10239-74,C0239,CTA AHORROS SOLES,Lince,28/11/2012,4734.12
191-10240-88,C0240,NA,Callao,24/09/2020,10518.68
191-10241-65,C0241,CTA AHORROS SOLES,Surco,25/08/2022,14741.56
191-10242-39,C0242,CTA AHORROS DOLARES,San Isidro,19/10/2013,7023.44
191-10243-13,C0243,CTA AHORROS SOLES,Callao,03/01/2023,7918.55
191-10244-75,C0244,CTA CORRIENTE,Surco,04/08/2024,13070.66
191-10245-11,C0245,CTA CORRIENTE,La Molina,13/03/2018,3873.58
191-10246-72,C0246,CTA AHORROS DOLARES,Callao,15/02/2014,14326.76
191-10247-34,C0247,CTA AHORROS DOLARES,San Isidro,02/06/2019,4317.81
191-10248-65,C0248,CTA CORRIENTE,San Isidro,04/10/2022,1149.29
191-10249-66,C0249,CTA CORRIENTE,La Molina,19/03/2010,12589.0
191-10250-72,C0250,CTA AHORROS DOLARES,Callao,24/12/2014,8103.69
191-10251-46,C0251,CTA CORRIENTE,Callao,11/10/2023,4992.15
191-10252-38,C0252,CTA AHORROS SOLES,La Molina,13/10/2017,9922.38
191-10253-21,C0253,CTA CORRIENTE,Cajamarca,05/10/2010,12162.33
191-10254-77,C0254,CTA AHORROS SOLES,Surco,18/10/2012,11298.21
191-10255-68,C0255,CTA CORRIENTE,Surco,29/09/2020,8361.34
191-10256-39,C0256,CTA AHORROS SOLES,Lince,19/12/2017,11035.91
191-10257-56,C0257,NA,La Molina,10/12/2013,6446.45
191-10258-99,C0258,CTA AHORROS SOLES,Cajamarca,17/10/2024,3526.05
191-10259-54,C0259,CTA AHORROS DOLARES,La Molina,17/08/2015,10090.88
191-10260-87,C0260,CTA CORRIENTE,Lince,30/12/2015,14275.85
191-10261-15,C0261,CTA AHORROS SOLES,Surco,31/01/2024,10919.79
191-10262-77,C0262,CTA AHORROS SOLES,Surco,22/07/2023,11166.25
191-10263-36,C0263,CTA AHORROS SOLES,Cajamarca,31/03/2012,4473.07
191-10264-82,C0264,CTA CORRIENTE,Surco,02/12/2023,11337.23
191-10265-21,C0265,CTA CORRIENTE,Callao,11/09/2020,8497.01
191-10266-19,C0266,NA,Callao,07/08/2018,867.56
191-10267-61,C0267,CTA AHORROS SOLES,Callao,26/10/2021,14212.39
191-10268-99,C0268,CTA AHORROS SOLES,Callao,21/08/2015,14641.26
191-10269-61,C0269,CTA CORRIENTE,Surco,01/08/2015,10762.87
191-10270-62,C0270,CTA CORRIENTE,Cajamarca,28/08/2012,8462.28
191-10271-39,C0271,CTA AHORROS DOLARES,Lince,03/05/2013,3839.69
191-10272-12,C0272,CTA CORRIENTE,San Isidro,30/11/2024,2355.58
191-10273-15,C0273,CTA CORRIENTE,Callao,13/07/2010,887.64
191-10274-54,C0274,CTA AHORROS SOLES,La Molina,20/10/2016,5689.88
191-10275-52,C0275,CTA AHORROS SOLES,Lince,30/09/2017,11517.85
191-10276-51,C0276,CTA AHORROS DOLARES,La Molina,14/12/2022,11816.51
191-10277-57,C0277,NA,San Isidro,15/11/2020,13072.06
191-10278-45,C0278,CTA AHORROS DOLARES,Lince,30/09/2022,1951.89
191-10279-99,C0279,CTA CORRIENTE,Callao,08/03/2013,12574.48
191-10280-53,C0280,NA,La Molina,11/09/2010,11777.22
191-10281-74,C0281,CTA CORRIENTE,La Molina,22/10/2023,3033.75
191-10282-79,C0282,CTA CORRIENTE,Miraflores,04/10/2021,5697.57
191-10283-60,C0283,CTA AHORROS SOLES,Callao,31/03/2019,7288.08
191-10284-41,C0284,NA,Miraflores,25/10/2022,1527.24
191-10285-90,C0285,CTA AHORROS DOLARES,San Isidro,10/01/2019,2884.36
191-10286-32,C0286,CTA AHORROS SOLES,La Molina,05/02/2020,3175.57
191-10287-60,C0287,NA,La Molina,23/01/2022,10318.9
191-10288-42,C0288,CTA CORRIENTE,San Isidro,29/06/2018,6787.3
191-10289-59,C0289,NA,San Isidro,05/10/2022,12492.1
191-10290-70,C0290,NA,San Isidro,06/04/2018,5170.02
191-10291-39,C0291,NA,Cajamarca,09/04/2023,2076.27
191-10292-81,C0292,CTA CORRIENTE,San Isidro,30/06/2020,2611.84
191-10293-70,C0293,CTA AHORROS SOLES,Cajamarca,16/01/2023,14818.32
191-10294-29,C0294,NA,San Isidro,23/04/2019,3302.75
191-10295-43,C0295,CTA AHORROS SOLES,Lince,18/08/2023,5478.79
191-10296-55,C0296,CTA AHORROS SOLES,Miraflores,03/04/2024,3347.97
191-10297-79,C0297,NA,Miraflores,10/05/2016,12600.42
191-10298-43,C0298,CTA CORRIENTE,Lince,07/12/2017,2088.4
191-10299-71,C0299,CTA CORRIENTE,Lince,03/08/2010,2584.13
191-10300-27,C0300,CTA AHORROS SOLES,Surco,13/03/2020,9663.04
191-10301-34,C0301,CTA AHORROS SOLES,La Molina,06/07/2023,9139.78
191-10302-14,C0302,CTA AHORROS DOLARES,Cajamarca,21/12/2011,6231.3
191-10303-49,C0303,CTA CORRIENTE,San Isidro,28/01/2020,4180.33
191-10304-62,C0304,CTA AHORROS SOLES,Cajamarca,22/09/2010,10486.44
191-10305-96,C0305,CTA AHORROS SOLES,La Molina,23/11/2022,3392.59
191-10306-19,C0306,CTA AHORROS DOLARES,Surco,03/05/2017,10822.98
191-10307-90,C0307,CTA AHORROS SOLES,Lince,23/05/2012,4815.24
191-10308-12,C0308,NA,La Molina,06/03/2020,7537.87
191-10309-66,C0309,CTA AHORROS SOLES,Callao,06/07/2015,7858.7
191-10310-69,C0310,CTA CORRIENTE,Lince,28/11/2016,5150.92
191-10311-52,C0311,NA,La Molina,01/10/2022,13647.07
191-10312-62,C0312,CTA AHORROS SOLES,La Molina,18/03/2018,7803.18
191-10313-75,C0313,CTA AHORROS DOLARES,San Isidro,17/07/2022,3751.87
191-10314-19,C0314,CTA AHORROS DOLARES,San Isidro,13/09/2016,6708.59
191-10315-88,C0315,CTA AHORROS SOLES,Surco,22/03/2016,12404.52
191-10316-30,C0316,CTA AHORROS DOLARES,Surco,10/09/2024,920.53
191-10317-38,C0317,CTA CORRIENTE,La Molina,08/09/2017,1271.22
191-10318-75,C0318,NA,San Isidro,10/08/2013,7633.1
191-10319-50,C0319,CTA AHORROS SOLES,Surco,11/11/2019,2020.58
191-10320-72,C0320,CTA AHORROS DOLARES,Lince,26/10/2015,1644.23
191-10321-25,C0321,NA,Miraflores,15/05/2022,13013.2
191-10322-24,C0322,NA,Miraflores,10/05/2020,6462.81
191-10323-96,C0323,CTA CORRIENTE,San Isidro,01/08/2024,12356.59
191-10324-87,C0324,NA,Surco,19/06/2020,5509.08
191-10325-12,C0325,NA,San Isidro,03/07/2016,1188.24
191-10326-90,C0326,CTA CORRIENTE,Callao,23/11/2024,10904.41
191-10327-78,C0327,CTA AHORROS DOLARES,Miraflores,12/04/2014,8484.47
191-10328-48,C0328,CTA AHORROS SOLES,Callao,21/04/2020,1363.47
191-10329-71,C0329,CTA CORRIENTE,La Molina,05/10/2019,1288.23
191-10330-42,C0330,CTA AHORROS DOLARES,La Molina,19/01/2024,3748.28
191-10331-81,C0331,CTA AHORROS DOLARES,Cajamarca,07/02/2011,12988.68
191-10332-90,C0332,NA,Callao,14/10/2012,14767.87
191-10333-48,C0333,NA,Callao,18/01/2019,3318.36
191-10334-54,C0334,CTA AHORROS DOLARES,Cajamarca,04/05/2024,2598.18
191-10335-74,C0335,CTA AHORROS DOLARES,Lince,22/04/2021,14728.33
191-10336-97,C0336,CTA AHORROS SOLES,Lince,09/08/2014,11922.88
191-10337-74,C0337,NA,Lince,02/06/2022,7199.37
191-10338-55,C0338,CTA AHORROS SOLES,Lince,06/08/2018,3270.13
191-10339-33,C0339,NA,Lince,11/09/2022,10497.87
191-10340-57,C0340,CTA CORRIENTE,Surco,26/09/2018,11941.68
191-10341-41,C0341,NA,Miraflores,02/11/2022,5919.26
191-10342-50,C0342,NA,San Isidro,27/02/2018,7196.51
191-10343-63,C0343,CTA CORRIENTE,Miraflores,11/05/2013,3995.81
191-10344-32,C0344,CTA CORRIENTE,Callao,11/09/2011,11623.48
191-10345-82,C0345,NA,Surco,17/01/2023,7074.99
191-10346-24,C0346,NA,Callao,08/06/2023,13560.18
191-10347-58,C0347,NA,La Molina,01/09/2023,8999.41
191-10348-22,C0348,CTA AHORROS SOLES,La Molina,05/05/2017,13221.64
191-10349-25,C0349,CTA AHORROS SOLES,Lince,01/12/2014,11461.55
191-10350-41,C0350,CTA CORRIENTE,Callao,30/06/2014,733.02
191-10351-79,C0351,CTA AHORROS SOLES,La Molina,01/05/2016,1173.09
191-10352-80,C0352,CTA AHORROS DOLARES,Lince,20/10/2012,1447.5
191-10353-53,C0353,CTA AHORROS DOLARES,Cajamarca,31/05/2022,11718.63
191-10354-46,C0354,CTA AHORROS DOLARES,Cajamarca,09/11/2015,5681.39
191-10355-46,C0355,CTA AHORROS DOLARES,La Molina,01/06/2022,8569.07
191-10356-36,C0356,CTA CORRIENTE,La Molina,28/04/2014,11621.32
191-10357-21,C0357,CTA AHORROS SOLES,Callao,07/01/2019,5223.75
191-10358-79,C0358,CTA AHORROS DOLARES,Miraflores,30/01/2011,11999.6
191-10359-58,C0359,NA,San Isidro,25/10/2023,7026.2
191-10360-82,C0360,CTA CORRIENTE,Lince,11/04/2018,5170.85
191-10361-32,C0361,CTA AHORROS DOLARES,La Molina,23/03/2023,3005.62
191-10362-57,C0362,CTA CORRIENTE,La Molina,01/03/2017,2244.36
191-10363-80,C0363,NA,Lince,23/11/2014,6144.07
191-10364-83,C0364,CTA CORRIENTE,Callao,15/01/2022,11418.69
191-10365-29,C0365,CTA AHORROS DOLARES,Surco,27/08/2021,7892.71
191-10366-82,C0366,NA,Callao,19/11/2019,12323.68
191-10367-34,C0367,CTA CORRIENTE,Callao,09/11/2011,13220.87
191-10368-28,C0368,CTA AHORROS DOLARES,San Isidro,08/04/2019,14180.41
191-10369-71,C0369,NA,Callao,13/04/2011,12012.35
191-10370-95,C0370,CTA AHORROS SOLES,La Molina,05/04/2021,11556.2
191-10371-52,C0371,CTA AHORROS DOLARES,Cajamarca,12/04/2012,528.82
191-10372-30,C0372,NA,San Isidro,23/04/2022,4146.83
191-10373-61,C0373,NA,La Molina,29/10/2019,1394.09
191-10374-23,C0374,CTA CORRIENTE,San Isidro,08/10/2019,1104.58
191-10375-58,C0375,CTA CORRIENTE,Miraflores,16/12/2010,6848.53
191-10376-70,C0376,CTA AHORROS DOLARES,Callao,23/07/2024,10047.24
191-10377-79,C0377,NA,Cajamarca,07/02/2022,9234.46
191-10378-16,C0378,NA,Miraflores,21/04/2023,10063.94
191-10379-31,C0379,CTA AHORROS SOLES,Miraflores,21/03/2014,11661.8
191-10380-95,C0380,CTA AHORROS DOLARES,Surco,29/01/2010,2397.86
191-10381-49,C0381,NA,Callao,06/04/2023,1208.21
191-10382-92,C0382,CTA CORRIENTE,Lince,15/03/2018,2110.07
191-10383-59,C0383,CTA CORRIENTE,Miraflores,02/12/2021,13982.31
191-10384-93,C0384,CTA CORRIENTE,Lince,29/04/2020,13163.21
191-10385-61,C0385,NA,Surco,20/07/2011,5269.42
191-10386-11,C0386,NA,Surco,24/02/2024,4896.33
191-10387-93,C0387,CTA AHORROS DOLARES,Lince,10/09/2020,10177.48
191-10388-74,C0388,CTA CORRIENTE,San Isidro,29/08/2024,8231.65
191-10389-57,C0389,CTA AHORROS SOLES,Surco,14/10/2022,8021.51
191-10390-81,C0390,CTA AHORROS SOLES,San Isidro,14/04/2023,1363.25
191-10391-55,C0391,CTA AHORROS DOLARES,Callao,05/05/2010,10808.74
191-10392-49,C0392,CTA AHORROS DOLARES,La Molina,20/05/2022,10885.17
191-10393-56,C0393,CTA AHORROS SOLES,Cajamarca,13/02/2015,6783.21
191-10394-66,C0394,CTA AHORROS DOLARES,Lince,26/10/2022,3437.53
191-10395-90,C0395,NA,Cajamarca,06/07/2021,8495.81
191-10396-39,C0396,CTA AHORROS SOLES,Surco,12/08/2021,10162.14
191-10397-10,C0397,CTA AHORROS DOLARES,Miraflores,03/11/2020,3893.75
191-10398-51,C0398,CTA CORRIENTE,Miraflores,30/03/2014,1214.96
191-10399-85,C0399,NA,Miraflores,06/12/2014,14392.71
191-10400-53,C0400,CTA AHORROS DOLARES,Callao,25/10/2010,1650.38
191-10401-67,C0401,CTA CORRIENTE,Cajamarca,02/06/2020,5068.09
191-10402-11,C0402,CTA AHORROS DOLARES,Miraflores,26/11/2013,643.96
191-10403-55,C0403,CTA CORRIENTE,San Isidro,11/12/2022,4048.96
191-10404-12,C0404,NA,La Molina,20/12/2011,8884.0
191-10405-73,C0405,NA,Miraflores,27/06/2014,9792.68
191-10406-43,C0406,CTA AHORROS DOLARES,Lince,23/03/2020,5255.78
191-10407-88,C0407,CTA AHORROS DOLARES,Cajamarca,23/12/2018,510.78
191-10408-66,C0408,CTA CORRIENTE,Cajamarca,27/01/2022,3235.13
191-10409-70,C0409,CTA CORRIENTE,Surco,09/05/2018,11642.38
191-10410-91,C0410,CTA AHORROS SOLES,Cajamarca,01/10/2024,10397.75
191-10411-43,C0411,CTA AHORROS DOLARES,Lince,21/11/2019,7543.33
191-10412-43,C0412,CTA AHORROS DOLARES,Miraflores,17/02/2012,7100.0
191-10413-24,C0413,NA,San Isidro,31/03/2024,8418.65
191-10414-34,C0414,CTA AHORROS DOLARES,Surco,23/01/2019,918.03
191-10415-30,C0415,CTA AHORROS SOLES,San Isidro,17/08/2024,5719.36
191-10416-84,C0416,CTA AHORROS DOLARES,Cajamarca,18/05/2016,13127.79
191-10417-88,C0417,NA,Surco,04/08/2015,12768.72
191-10418-11,C0418,NA,Lince,17/08/2024,10477.52
191-10419-75,C0419,CTA AHORROS SOLES,Cajamarca,21/02/2016,949.36
191-10420-28,C0420,CTA AHORROS SOLES,Surco,11/08/2023,11752.05
191-10421-48,C0421,CTA AHORROS DOLARES,Miraflores,16/10/2016,8538.61
191-10422-66,C0422,CTA AHORROS SOLES,San Isidro,29/04/2011,1147.87
191-10423-20,C0423,CTA AHORROS SOLES,San Isidro,20/08/2024,8126.69
191-10424-82,C0424,CTA CORRIENTE,San Isidro,10/07/2017,2174.34
191-10425-78,C0425,CTA AHORROS DOLARES,Miraflores,30/06/2024,10147.94
191-10426-49,C0426,CTA AHORROS DOLARES,La Molina,09/12/2023,8815.48
191-10427-39,C0427,CTA AHORROS SOLES,La Molina,20/07/2011,12607.64
191-10428-11,C0428,CTA CORRIENTE,Cajamarca,15/11/2012,3852.04
191-10429-59,C0429,CTA AHORROS SOLES,Miraflores,07/11/2010,13851.77
191-10430-93,C0430,CTA CORRIENTE,Callao,29/12/2016,7183.05
191-10431-69,C0431,CTA AHORROS SOLES,Lince,28/09/2024,10830.04
191-10432-87,C0432,NA,Cajamarca,10/08/2014,6967.58
191-10433-98,C0433,CTA AHORROS SOLES,Surco,28/05/2010,11672.15
191-10434-95,C0434,NA,Surco,08/06/2024,2297.62
191-10435-34,C0435,CTA CORRIENTE,La Molina,11/04/2021,2369.94
191-10436-67,C0436,CTA AHORROS DOLARES,Callao,17/07/2017,4813.76
191-10437-21,C0437,CTA AHORROS SOLES,San Isidro,16/04/2011,14318.28
191-10438-29,C0438,NA,Lince,18/11/2012,12285.11
191-10439-19,C0439,CTA AHORROS DOLARES,Callao,16/10/2019,11517.07
191-10440-25,C0440,CTA AHORROS SOLES,La Molina,05/08/2020,4831.12
191-10441-16,C0441,CTA CORRIENTE,Cajamarca,22/12/2018,1217.57
191-10442-20,C0442,NA,Callao,19/12/2021,7686.62
191-10443-13,C0443,CTA CORRIENTE,Cajamarca,21/03/2017,5455.2
191-10444-35,C0444,CTA CORRIENTE,Cajamarca,02/10/2024,4715.12
191-10445-87,C0445,CTA CORRIENTE,Surco,18/07/2011,14810.26
191-10446-96,C0446,CTA AHORROS SOLES,Callao,10/05/2011,5896.03
191-10447-54,C0447,CTA AHORROS DOLARES,La Molina,10/07/2017,11246.31
191-10448-87,C0448,CTA AHORROS SOLES,Surco,14/09/2010,12939.67
191-10449-31,C0449,CTA AHORROS DOLARES,San Isidro,27/05/2010,1870.32
191-10450-14,C0450,CTA CORRIENTE,Miraflores,29/12/2016,13222.1
191-10451-36,C0451,CTA AHORROS DOLARES,Surco,26/10/2020,13289.01
191-10452-48,C0452,NA,Surco,28/05/2015,2765.78
191-10453-99,C0453,CTA AHORROS SOLES,Callao,23/03/2020,5949.28
191-10454-46,C0454,CTA CORRIENTE,San Isidro,03/06/2016,4549.51
191-10455-83,C0455,CTA CORRIENTE,La Molina,29/05/2011,4256.19
191-10456-55,C0456,CTA AHORROS SOLES,Miraflores,04/10/2016,3396.73
191-10457-33,C0457,NA,Miraflores,28/07/2011,2801.52
191-10458-68,C0458,CTA AHORROS DOLARES,Cajamarca,27/02/2019,8535.48
191-10459-55,C0459,CTA AHORROS DOLARES,San Isidro,26/10/2015,12364.83
191-10460-83,C0460,CTA AHORROS DOLARES,Miraflores,14/12/2021,7849.28
191-10461-41,C0461,NA,Cajamarca,17/09/2023,8839.11
191-10462-34,C0462,CTA AHORROS DOLARES,Miraflores,22/05/2017,4098.03
191-10463-17,C0463,CTA AHORROS SOLES,Callao,29/06/2024,9461.68
191-10464-79,C0464,CTA CORRIENTE,La Molina,06/07/2013,10943.24
191-10465-33,C0465,CTA CORRIENTE,Cajamarca,12/01/2016,6510.28
191-10466-91,C0466,NA,Miraflores,26/04/2019,3659.62
191-10467-81,C0467,CTA CORRIENTE,San Isidro,05/01/2010,12023.13
191-10468-84,C0468,CTA AHORROS SOLES,Cajamarca,23/09/2016,3759.15
191-10469-63,C0469,NA,Miraflores,22/12/2023,4952.91
191-10470-14,C0470,CTA CORRIENTE,San Isidro,04/05/2022,2531.61
191-10471-93,C0471,CTA CORRIENTE,Callao,24/01/2016,9193.3
191-10472-53,C0472,CTA CORRIENTE,La Molina,22/11/2019,1050.64
191-10473-90,C0473,NA,Miraflores,02/08/2015,6623.48
191-10474-90,C0474,CTA AHORROS SOLES,La Molina,19/01/2013,1938.57
191-10475-52,C0475,NA,Surco,22/05/2017,5467.07
191-10476-29,C0476,CTA CORRIENTE,Callao,18/08/2016,6629.69
191-10477-60,C0477,CTA CORRIENTE,San Isidro,29/06/2012,2558.45
191-10478-54,C0478,CTA AHORROS SOLES,Lince,31/07/2012,6856.84
191-10479-83,C0479,CTA AHORROS DOLARES,Cajamarca,10/10/2018,3971.99
191-10480-55,C0480,CTA AHORROS DOLARES,San Isidro,30/12/2022,6040.3
191-10481-75,C0481,CTA CORRIENTE,Surco,10/10/2010,11526.88
191-10482-11,C0482,NA,Surco,11/06/2015,10847.86
191-10483-42,C0483,CTA AHORROS SOLES,San Isidro,16/03/2021,5628.22
191-10484-63,C0484,CTA AHORROS SOLES,Callao,15/12/2023,8226.4
191-10485-11,C0485,CTA AHORROS SOLES,Lince,20/08/2023,558.71
191-10486-80,C0486,NA,Cajamarca,13/07/2011,13854.24
191-10487-31,C0487,NA,Miraflores,03/04/2011,7051.1
191-10488-91,C0488,NA,San Isidro,14/04/2021,7722.68
191-10489-90,C0489,CTA CORRIENTE,Lince,09/04/2018,13823.2
191-10490-55,C0490,NA,Callao,18/05/2011,10262.94
191-10491-18,C0491,CTA AHORROS DOLARES,Miraflores,18/07/2016,13833.86
191-10492-32,C0492,NA,Lince,17/11/2017,10351.71
191-10493-84,C0493,CTA AHORROS DOLARES,San Isidro,07/09/2022,7132.18
191-10494-69,C0494,CTA AHORROS DOLARES,Cajamarca,28/07/2016,3603.78
191-10495-20,C0495,NA,Lince,07/01/2023,12492.5
191-10496-83,C0496,CTA CORRIENTE,La Molina,10/01/2016,13632.75
191-10497-29,C0497,CTA CORRIENTE,San Isidro,04/11/2018,14094.9
191-10498-87,C0498,NA,Callao,28/08/2022,11771.89
191-10499-15,C0499,NA,Callao,30/01/2023,1227.29
191-10500-72,C0500,CTA AHORROS SOLES,La Molina,17/12/2021,14956.84
191-10501-26,C0501,NA,Callao,17/10/2020,12544.53
191-10502-11,C0502,CTA AHORROS DOLARES,Miraflores,23/05/2022,4099.6
191-10503-80,C0503,CTA AHORROS DOLARES,San Isidro,31/10/2022,6658.89
191-10504-98,C0504,NA,Miraflores,08/12/2016,8496.14
191-10505-14,C0505,CTA CORRIENTE,La Molina,12/08/2022,5472.27
191-10506-75,C0506,CTA AHORROS DOLARES,Miraflores,28/11/2023,9804.53
191-10507-59,C0507,CTA CORRIENTE,San Isidro,06/11/2020,9688.48
191-10508-99,C0508,CTA AHORROS SOLES,Lince,18/05/2010,5201.03
191-10509-61,C0509,NA,Lince,17/11/2016,7237.29
191-10510-73,C0510,CTA AHORROS DOLARES,Miraflores,22/02/2010,3794.24
191-10511-51,C0511,NA,La Molina,21/06/2011,921.39
191-10512-53,C0512,CTA AHORROS DOLARES,Callao,15/10/2013,11252.52
191-10513-83,C0513,NA,Miraflores,28/12/2017,8715.44
191-10514-55,C0514,CTA AHORROS SOLES,Callao,24/12/2011,1010.8
191-10515-97,C0515,CTA CORRIENTE,Cajamarca,23/02/2022,5654.44
191-10516-21,C0516,CTA AHORROS SOLES,Cajamarca,13/05/2011,11032.44
191-10517-86,C0517,CTA AHORROS SOLES,San Isidro,18/06/2017,11063.89
191-10518-65,C0518,NA,Callao,14/12/2018,5057.27
191-10519-31,C0519,CTA AHORROS SOLES,Cajamarca,27/07/2022,7159.64
191-10520-83,C0520,CTA CORRIENTE,Cajamarca,21/04/2011,5791.64
191-10521-41,C0521,CTA AHORROS DOLARES,La Molina,25/02/2012,1378.13
191-10522-50,C0522,NA,San Isidro,23/05/2014,1982.71
191-10523-48,C0523,CTA CORRIENTE,Callao,29/03/2023,3256.29
191-10524-23,C0524,CTA AHORROS DOLARES,Surco,29/10/2010,12136.09
191-10525-70,C0525,CTA AHORROS DOLARES,San Isidro,21/03/2020,1205.63
191-10526-98,C0526,NA,Callao,05/02/2020,9601.23
191-10527-70,C0527,CTA CORRIENTE,San Isidro,10/01/2015,1178.62
191-10528-99,C0528,CTA AHORROS DOLARES,San Isidro,23/06/2010,7735.64
191-10529-62,C0529,NA,Surco,26/08/2011,12787.81
191-10530-36,C0530,NA,Lince,02/04/2010,13729.5
191-10531-34,C0531,CTA CORRIENTE,La Molina,08/09/2016,13456.95
191-10532-48,C0532,CTA CORRIENTE,Miraflores,06/02/2010,7492.05
191-10533-36,C0533,CTA AHORROS SOLES,Cajamarca,21/11/2013,8477.4
191-10534-19,C0534,CTA AHORROS SOLES,Cajamarca,26/04/2015,13848.91
191-10535-60,C0535,CTA AHORROS SOLES,Miraflores,22/11/2014,5956.49
191-10536-20,C0536,NA,Cajamarca,28/05/2021,9437.51
191-10537-15,C0537,CTA AHORROS DOLARES,Surco,24/01/2015,12716.33
191-10538-19,C0538,NA,Surco,19/03/2013,11411.97
191-10539-66,C0539,NA,Surco,09/06/2013,11741.89
191-10540-21,C0540,CTA AHORROS SOLES,Surco,09/11/2014,3157.87
191-10541-54,C0541,CTA CORRIENTE,La Molina,18/03/2013,9089.08
191-10542-87,C0542,CTA AHORROS DOLARES,Callao,30/03/2013,12079.4
191-10543-34,C0543,NA,San Isidro,22/03/2015,14011.02
191-10544-91,C0544,CTA CORRIENTE,Lince,06/11/2021,6682.32
191-10545-18,C0545,CTA AHORROS DOLARES,Lince,12/02/2020,10182.38
191-10546-87,C0546,CTA AHORROS DOLARES,Miraflores,07/06/2013,13043.43
191-10547-24,C0547,CTA CORRIENTE,Lince,02/03/2016,986.53
191-10548-40,C0548,CTA AHORROS SOLES,San Isidro,28/10/2018,13702.92
191-10549-50,C0549,CTA AHORROS SOLES,La Molina,23/05/2010,12189.42
191-10550-86,C0550,CTA AHORROS DOLARES,Cajamarca,28/05/2013,1626.11
191-10551-10,C0551,CTA CORRIENTE,Cajamarca,09/02/2019,5515.74
191-10552-29,C0552,NA,Callao,04/09/2010,11277.12
191-10553-80,C0553,CTA AHORROS DOLARES,Callao,08/04/2022,1704.22
191-10554-94,C0554,NA,Callao,30/03/2019,5662.05
191-10555-44,C0555,CTA AHORROS SOLES,Miraflores,02/06/2011,12722.81
191-10556-93,C0556,CTA AHORROS DOLARES,Callao,27/05/2011,854.79
191-10557-64,C0557,CTA AHORROS SOLES,La Molina,23/05/2012,11411.94
191-10558-71,C0558,CTA AHORROS DOLARES,Callao,12/04/2018,12420.41
191-10559-62,C0559,NA,Cajamarca,10/04/2020,8705.34
191-10560-80,C0560,CTA CORRIENTE,Lince,14/04/2015,9555.59
191-10561-25,C0561,CTA CORRIENTE,Cajamarca,18/01/2016,13821.34
191-10562-91,C0562,NA,Surco,24/06/2020,8206.97
191-10563-73,C0563,CTA AHORROS DOLARES,Callao,11/01/2022,13944.65
191-10564-65,C0564,CTA CORRIENTE,Cajamarca,15/12/2018,4904.76
191-10565-60,C0565,CTA CORRIENTE,Surco,17/02/2011,9477.23
191-10566-37,C0566,CTA AHORROS DOLARES,Miraflores,04/08/2015,11541.88
191-10567-17,C0567,NA,San Isidro,19/07/2017,2103.86
191-10568-14,C0568,CTA AHORROS DOLARES,Lince,12/07/2018,1302.85
191-10569-36,C0569,NA,Callao,03/05/2015,5452.76
191-10570-38,C0570,NA,Miraflores,06/10/2019,13564.89
191-10571-94,C0571,CTA AHORROS DOLARES,Cajamarca,12/04/2017,2055.62
191-10572-13,C0572,CTA AHORROS DOLARES,San Isidro,17/11/2019,2330.75
191-10573-50,C0573,CTA AHORROS SOLES,La Molina,10/09/2016,7967.93
191-10574-64,C0574,CTA AHORROS DOLARES,Callao,17/11/2020,9061.76
191-10575-65,C0575,CTA AHORROS DOLARES,San Isidro,04/04/2019,3498.83
191-10576-79,C0576,CTA CORRIENTE,San Isidro,12/07/2016,2840.0
191-10577-57,C0577,NA,Callao,27/12/2023,3912.31
191-10578-60,C0578,NA,San Isidro,04/01/2015,1522.9
191-10579-47,C0579,CTA CORRIENTE,Miraflores,04/10/2016,1644.6
191-10580-85,C0580,CTA AHORROS DOLARES,Miraflores,17/01/2012,2156.08
191-10581-56,C0581,CTA CORRIENTE,Surco,17/07/2013,7547.99
191-10582-97,C0582,CTA CORRIENTE,San Isidro,14/09/2016,4455.47
191-10583-36,C0583,NA,Callao,09/06/2012,14398.37
191-10584-97,C0584,CTA AHORROS SOLES,San Isidro,29/10/2013,1292.23
191-10585-74,C0585,CTA AHORROS DOLARES,Miraflores,24/08/2018,12059.55
191-10586-26,C0586,CTA AHORROS SOLES,San Isidro,08/06/2010,6579.78
191-10587-99,C0587,NA,Cajamarca,15/10/2019,1405.75
191-10588-82,C0588,NA,Lince,23/08/2015,9786.88
191-10589-73,C0589,CTA CORRIENTE,San Isidro,02/03/2010,3488.54
191-10590-67,C0590,CTA AHORROS DOLARES,Callao,09/07/2010,6179.82
191-10591-76,C0591,NA,Callao,15/09/2010,9551.78
191-10592-91,C0592,CTA AHORROS DOLARES,Miraflores,22/11/2015,13068.39
191-10593-49,C0593,NA,Cajamarca,09/05/2021,12041.37
191-10594-43,C0594,NA,Lince,08/12/2011,3257.24
191-10595-19,C0595,CTA AHORROS SOLES,Surco,04/10/2018,13419.1
191-10596-92,C0596,CTA CORRIENTE,Surco,01/01/2011,3171.3
191-10597-86,C0597,NA,Callao,14/11/2012,4944.02
191-10598-42,C0598,CTA CORRIENTE,Lince,13/01/2024,8908.24
191-10599-82,C0599,CTA CORRIENTE,Cajamarca,16/08/2021,13064.71
191-10600-45,C0600,CTA AHORROS DOLARES,Cajamarca,21/11/2011,6942.35
191-10601-16,C0601,CTA CORRIENTE,Lince,25/12/2020,14089.26
191-10602-41,C0602,CTA AHORROS SOLES,Surco,09/04/2021,4416.82
191-10603-41,C0603,CTA AHORROS DOLARES,Surco,22/07/2019,5863.93
191-10604-73,C0604,CTA AHORROS SOLES,Lince,19/05/2021,3679.7
191-10605-67,C0605,CTA AHORROS DOLARES,Cajamarca,22/02/2013,7081.29
191-10606-85,C0606,CTA AHORROS SOLES,Lince,20/12/2020,7305.83
191-10607-38,C0607,CTA CORRIENTE,Miraflores,10/02/2012,11044.73
191-10608-75,C0608,CTA AHORROS DOLARES,La Molina,08/04/2014,3927.45
191-10609-81,C0609,CTA CORRIENTE,Cajamarca,25/10/2016,9138.12
191-10610-93,C0610,CTA AHORROS SOLES,Lince,11/08/2020,925.72
191-10611-68,C0611,NA,Cajamarca,25/05/2013,3844.04
191-10612-75,C0612,CTA AHORROS DOLARES,Miraflores,03/09/2017,2387.98
191-10613-61,C0613,CTA AHORROS SOLES,Surco,05/09/2014,4960.72
191-10614-80,C0614,CTA AHORROS DOLARES,Callao,15/06/2012,10373.95
191-10615-18,C0615,CTA CORRIENTE,San Isidro,29/08/2022,6144.96
191-10616-92,C0616,CTA CORRIENTE,Miraflores,19/10/2019,5669.45
191-10617-53,C0617,CTA AHORROS DOLARES,Surco,24/04/2024,13110.37
191-10618-45,C0618,CTA CORRIENTE,San Isidro,26/02/2019,1698.72
191-10619-58,C0619,CTA AHORROS DOLARES,Callao,05/08/2020,10343.73
191-10620-18,C0620,NA,Miraflores,07/02/2019,10703.21
191-10621-16,C0621,NA,San Isidro,01/03/2011,10314.27
191-10622-20,C0622,CTA CORRIENTE,Miraflores,07/09/2013,2074.98
191-10623-85,C0623,CTA AHORROS DOLARES,Cajamarca,21/04/2021,6564.15
191-10624-71,C0624,CTA AHORROS DOLARES,Miraflores,25/05/2015,6066.76
191-10625-71,C0625,CTA AHORROS SOLES,Miraflores,19/10/2011,10969.52
191-10626-17,C0626,CTA AHORROS SOLES,Miraflores,04/01/2011,819.15
191-10627-24,C0627,CTA AHORROS DOLARES,La Molina,07/09/2010,5824.35
191-10628-73,C0628,NA,Surco,24/07/2012,6612.71
191-10629-47,C0629,CTA CORRIENTE,San Isidro,06/11/2014,11999.31
191-10630-28,C0630,NA,Lince,29/05/2012,14969.21
191-10631-89,C0631,CTA CORRIENTE,Surco,14/04/2010,2321.51
191-10632-11,C0632,CTA CORRIENTE,Miraflores,03/12/2013,8356.25
191-10633-91,C0633,CTA CORRIENTE,Miraflores,23/06/2016,13887.49
191-10634-73,C0634,CTA CORRIENTE,San Isidro,04/09/2024,10989.34
191-10635-43,C0635,CTA CORRIENTE,Cajamarca,02/12/2012,1656.04
191-10636-61,C0636,CTA CORRIENTE,Surco,18/04/2023,1543.51
191-10637-70,C0637,NA,Lince,26/03/2014,8542.77
191-10638-76,C0638,CTA CORRIENTE,La Molina,14/02/2016,10871.31
191-10639-79,C0639,CTA CORRIENTE,Surco,29/08/2014,13461.59
191-10640-45,C0640,CTA AHORROS SOLES,Lince,30/07/2011,5295.89
191-10641-14,C0641,CTA AHORROS SOLES,San Isidro,05/01/2023,7444.45
191-10642-89,C0642,CTA AHORROS DOLARES,Surco,21/11/2020,6130.6
191-10643-98,C0643,CTA AHORROS SOLES,Cajamarca,31/08/2021,7678.73
191-10644-66,C0644,NA,La Molina,21/04/2017,5824.65
191-10645-54,C0645,CTA AHORROS SOLES,Lince,26/11/2020,11947.88
191-10646-49,C0646,CTA AHORROS DOLARES,San Isidro,10/08/2023,8700.53
191-10647-51,C0647,CTA CORRIENTE,Lince,07/06/2020,4915.59
191-10648-38,C0648,CTA AHORROS DOLARES,Surco,03/04/2014,10046.3
191-10649-89,C0649,CTA CORRIENTE,Miraflores,20/03/2011,3983.3
191-10650-93,C0650,CTA AHORROS SOLES,Callao,19/01/2022,908.84
191-10651-12,C0651,CTA AHORROS DOLARES,San Isidro,12/07/2016,9049.07
191-10652-15,C0652,NA,Lince,14/05/2017,1868.35
191-10653-55,C0653,CTA AHORROS DOLARES,Cajamarca,10/08/2021,3882.08
191-10654-95,C0654,CTA AHORROS DOLARES,La Molina,19/05/2013,11239.27
191-10655-30,C0655,CTA AHORROS DOLARES,San Isidro,17/04/2022,5043.96
191-10656-95,C0656,NA,Miraflores,26/06/2018,8378.92
191-10657-20,C0657,CTA CORRIENTE,Miraflores,31/08/2021,4145.65
191-10658-29,C0658,CTA AHORROS SOLES,San Isidro,03/03/2015,4544.44
191-10659-69,C0659,NA,La Molina,09/10/2024,8925.97
191-10660-13,C0660,CTA AHORROS SOLES,San Isidro,14/05/2023,3572.05
191-10661-82,C0661,NA,Miraflores,22/11/2012,5121.46
191-10662-27,C0662,CTA CORRIENTE,Miraflores,03/04/2017,5766.21
191-10663-52,C0663,CTA CORRIENTE,Surco,10/09/2016,9963.35
191-10664-34,C0664,CTA AHORROS DOLARES,La Molina,03/05/2017,8251.54
191-10665-78,C0665,NA,Cajamarca,20/03/2011,2175.49
191-10666-29,C0666,CTA AHORROS SOLES,Lince,12/03/2011,1798.12
191-10667-91,C0667,CTA AHORROS SOLES,Callao,05/01/2014,13553.29
191-10668-41,C0668,CTA AHORROS SOLES,Surco,02/01/2022,4666.68
191-10669-98,C0669,CTA AHORROS SOLES,La Molina,21/07/2022,694.76
191-10670-36,C0670,CTA CORRIENTE,Cajamarca,10/12/2013,6723.25
191-10671-38,C0671,CTA CORRIENTE,Miraflores,31/10/2013,6154.13
191-10672-85,C0672,CTA AHORROS DOLARES,San Isidro,04/03/2020,14375.02
191-10673-64,C0673,CTA AHORROS DOLARES,Callao,11/10/2016,4007.75
191-10674-44,C0674,CTA AHORROS DOLARES,Surco,21/02/2011,7578.07
191-10675-95,C0675,CTA CORRIENTE,Miraflores,07/03/2020,8559.87
191-10676-85,C0676,CTA CORRIENTE,Callao,24/07/2019,14171.25
191-10677-28,C0677,CTA AHORROS SOLES,Lince,20/02/2012,5422.9
191-10678-27,C0678,CTA AHORROS DOLARES,Miraflores,26/08/2014,7791.44
191-10679-54,C0679,CTA AHORROS DOLARES,Miraflores,11/12/2010,1778.86
191-10680-55,C0680,CTA AHORROS DOLARES,Lince,25/03/2016,6550.82
191-10681-74,C0681,NA,Lince,21/01/2010,12077.18
191-10682-20,C0682,CTA AHORROS DOLARES,Callao,14/09/2013,6606.44
191-10683-40,C0683,NA,La Molina,14/04/2011,9777.48
191-10684-70,C0684,NA,Surco,14/07/2013,1938.3
191-10685-67,C0685,CTA CORRIENTE,Miraflores,02/07/2012,11280.74
191-10686-36,C0686,CTA AHORROS DOLARES,Surco,12/07/2013,9001.2
191-10687-28,C0687,NA,Callao,01/09/2019,3088.91
191-10688-40,C0688,CTA CORRIENTE,San Isidro,14/12/2016,6392.06
191-10689-90,C0689,NA,Surco,20/04/2016,3087.87
191-10690-30,C0690,NA,La Molina,21/12/2019,14316.82
191-10691-48,C0691,CTA AHORROS SOLES,Cajamarca,19/10/2011,6688.67
191-10692-88,C0692,CTA AHORROS SOLES,Cajamarca,22/03/2022,10328.16
191-10693-29,C0693,CTA AHORROS SOLES,Cajamarca,17/04/2011,13735.23
191-10694-63,C0694,CTA CORRIENTE,Lince,08/04/2011,5562.47
191-10695-97,C0695,NA,San Isidro,27/04/2013,11015.01
191-10696-26,C0696,CTA CORRIENTE,Surco,04/06/2012,14889.11
191-10697-67,C0697,CTA AHORROS SOLES,Surco,14/09/2018,9795.21
191-10698-29,C0698,CTA AHORROS DOLARES,La Molina,01/08/2017,2210.73
191-10699-87,C0699,CTA CORRIENTE,Surco,27/02/2013,515.09
191-10700-92,C0700,NA,La Molina,09/04/2020,8258.99
191-10701-12,C0701,CTA CORRIENTE,Callao,01/05/2017,3507.43
191-10702-77,C0702,NA,Cajamarca,03/08/2021,11961.17
191-10703-93,C0703,CTA AHORROS DOLARES,Miraflores,12/09/2018,14836.97
191-10704-11,C0704,NA,Lince,24/01/2023,7109.31
191-10705-81,C0705,CTA AHORROS SOLES,Miraflores,16/11/2012,13717.52
191-10706-56,C0706,CTA AHORROS SOLES,Miraflores,31/03/2019,8172.53
191-10707-28,C0707,NA,Callao,01/09/2022,9917.11
191-10708-31,C0708,NA,Lince,21/05/2013,12807.52
191-10709-59,C0709,NA,Callao,19/12/2013,3792.17
191-10710-95,C0710,CTA AHORROS SOLES,Cajamarca,10/03/2013,5247.5
191-10711-56,C0711,NA,Cajamarca,27/09/2011,6953.96
191-10712-46,C0712,CTA CORRIENTE,Lince,27/02/2022,6588.9
191-10713-13,C0713,NA,Surco,09/08/2020,6876.87
191-10714-70,C0714,CTA CORRIENTE,San Isidro,15/04/2019,8830.58
191-10715-97,C0715,NA,Callao,15/01/2013,5125.37
191-10716-34,C0716,CTA AHORROS SOLES,San Isidro,31/10/2019,8363.17
191-10717-15,C0717,CTA AHORROS DOLARES,San Isidro,29/01/2017,14616.27
191-10718-46,C0718,NA,Callao,14/04/2021,4055.13
191-10719-17,C0719,CTA AHORROS SOLES,Miraflores,04/01/2023,10916.33
191-10720-78,C0720,CTA AHORROS SOLES,Callao,29/02/2024,5854.7
191-10721-87,C0721,CTA AHORROS DOLARES,San Isidro,12/06/2012,12094.68
191-10722-98,C0722,CTA CORRIENTE,San Isidro,11/11/2011,14074.07
191-10723-93,C0723,NA,San Isidro,06/10/2023,14002.39
191-10724-56,C0724,CTA AHORROS DOLARES,Callao,18/10/2021,8543.82
191-10725-90,C0725,CTA AHORROS DOLARES,Miraflores,06/07/2024,12796.53
191-10726-14,C0726,NA,Cajamarca,21/12/2013,5888.43
191-10727-41,C0727,CTA AHORROS DOLARES,Miraflores,05/07/2010,1699.16
191-10728-29,C0728,CTA AHORROS SOLES,Lince,05/10/2022,13209.51
191-10729-22,C0729,CTA AHORROS DOLARES,La Molina,09/06/2018,8739.08
191-10730-95,C0730,CTA AHORROS SOLES,Surco,04/06/2012,7410.71
191-10731-20,C0731,CTA AHORROS SOLES,Surco,31/01/2017,8165.48
191-10732-72,C0732,CTA AHORROS SOLES,La Molina,01/05/2022,10215.14
191-10733-74,C0733,CTA AHORROS DOLARES,Miraflores,07/09/2018,8379.9
191-10734-34,C0734,CTA AHORROS DOLARES,La Molina,01/05/2024,2660.77
191-10735-28,C0735,NA,San Isidro,02/09/2016,10553.31
191-10736-58,C0736,CTA AHORROS SOLES,Cajamarca,21/11/2014,7388.58
191-10737-98,C0737,CTA CORRIENTE,Callao,18/02/2016,12734.24
191-10738-15,C0738,NA,Callao,20/10/2017,3056.07
191-10739-92,C0739,NA,San Isidro,01/01/2017,10036.62
191-10740-11,C0740,CTA AHORROS SOLES,San Isidro,01/03/2015,14250.66
191-10741-37,C0741,NA,Surco,12/12/2024,14611.9
191-10742-45,C0742,CTA AHORROS DOLARES,Miraflores,25/04/2016,14495.16
191-10743-33,C0743,CTA AHORROS SOLES,Miraflores,26/05/2021,13772.34
191-10744-75,C0744,CTA AHORROS SOLES,Callao,22/07/2018,9961.34
191-10745-29,C0745,CTA AHORROS SOLES,Cajamarca,09/07/2021,13386.4
191-10746-25,C0746,CTA AHORROS DOLARES,Cajamarca,13/01/2011,5448.65
191-10747-37,C0747,CTA AHORROS SOLES,Callao,12/07/2015,12080.22
191-10748-37,C0748,NA,La Molina,06/04/2010,1394.66
191-10749-56,C0749,CTA CORRIENTE,Callao,15/04/2017,13555.24
191-10750-62,C0750,CTA CORRIENTE,San Isidro,30/07/2010,4136.87
191-10751-26,C0751,NA,Callao,28/01/2023,11449.97
191-10752-72,C0752,CTA AHORROS DOLARES,Lince,13/09/2013,14467.92
191-10753-18,C0753,CTA CORRIENTE,San Isidro,26/09/2024,3955.94
191-10754-13,C0754,CTA AHORROS DOLARES,Surco,07/11/2010,6355.5
191-10755-26,C0755,CTA AHORROS SOLES,La Molina,17/08/2010,6003.25
191-10756-75,C0756,CTA CORRIENTE,San Isidro,27/03/2019,4127.46
191-10757-71,C0757,CTA CORRIENTE,San Isidro,07/09/2016,2573.24
191-10758-33,C0758,NA,Miraflores,10/02/2016,9675.89
191-10759-85,C0759,CTA AHORROS SOLES,La Molina,29/03/2014,5747.77
191-10760-32,C0760,CTA AHORROS SOLES,Surco,11/03/2024,7615.84
191-10761-99,C0761,CTA AHORROS SOLES,San Isidro,16/03/2018,12005.29
191-10762-40,C0762,CTA AHORROS SOLES,Callao,12/01/2012,12174.01
191-10763-76,C0763,CTA CORRIENTE,San Isidro,06/02/2019,6520.3
191-10764-89,C0764,CTA AHORROS DOLARES,La Molina,04/10/2011,4442.4
191-10765-40,C0765,CTA AHORROS SOLES,Surco,20/01/2010,7216.71
191-10766-70,C0766,CTA AHORROS DOLARES,Callao,22/10/2012,2824.24
191-10767-25,C0767,CTA AHORROS DOLARES,Cajamarca,11/11/2015,9776.07
191-10768-91,C0768,CTA CORRIENTE,Lince,15/04/2015,5705.11
191-10769-39,C0769,NA,Cajamarca,21/04/2020,13639.75
191-10770-27,C0770,CTA AHORROS SOLES,Callao,21/05/2021,6539.64
191-10771-77,C0771,CTA AHORROS DOLARES,Surco,16/09/2019,1430.07
191-10772-43,C0772,CTA AHORROS SOLES,Surco,09/06/2010,530.26
191-10773-99,C0773,CTA CORRIENTE,La Molina,05/08/2010,3690.93
191-10774-77,C0774,CTA AHORROS DOLARES,Lince,29/11/2015,14206.72
191-10775-17,C0775,NA,La Molina,20/09/2010,779.42
191-10776-20,C0776,CTA AHORROS SOLES,Surco,19/10/2024,10973.83
191-10777-70,C0777,CTA CORRIENTE,San Isidro,27/09/2020,4309.34
191-10778-65,C0778,CTA CORRIENTE,La Molina,23/09/2024,4878.26
191-10779-93,C0779,NA,San Isidro,02/02/2013,5217.32
191-10780-16,C0780,CTA AHORROS SOLES,Miraflores,15/07/2016,7929.49
191-10781-44,C0781,CTA CORRIENTE,San Isidro,14/09/2013,1574.12
191-10782-83,C0782,NA,La Molina,24/03/2017,7085.17
191-10783-51,C0783,CTA AHORROS DOLARES,Lince,16/08/2020,1239.47
191-10784-81,C0784,CTA AHORROS DOLARES,San Isidro,26/01/2019,3780.41
191-10785-55,C0785,CTA CORRIENTE,Cajamarca,06/11/2013,9817.57
191-10786-88,C0786,CTA AHORROS SOLES,Miraflores,12/02/2018,8487.52
191-10787-25,C0787,CTA CORRIENTE,Callao,18/05/2014,6842.37
191-10788-73,C0788,CTA AHORROS SOLES,La Molina,27/12/2011,2358.5
191-10789-27,C0789,CTA AHORROS DOLARES,Surco,20/12/2021,8359.24
191-10790-10,C0790,CTA AHORROS SOLES,Lince,02/03/2014,1479.01
191-10791-45,C0791,CTA CORRIENTE,Callao,16/02/2017,5728.54
191-10792-95,C0792,NA,San Isidro,22/09/2014,10024.24
191-10793-41,C0793,NA,Callao,02/05/2015,2016.14
191-10794-74,C0794,CTA AHORROS DOLARES,Lince,16/12/2012,14823.18
191-10795-17,C0795,NA,Callao,27/06/2019,9755.44
191-10796-83,C0796,CTA CORRIENTE,Cajamarca,28/03/2014,3338.87
191-10797-47,C0797,CTA AHORROS DOLARES,Surco,12/10/2016,10628.45
191-10798-15,C0798,CTA AHORROS SOLES,Callao,06/10/2012,13914.5
191-10799-43,C0799,CTA CORRIENTE,Callao,13/07/2023,13842.54
191-10800-88,C0800,NA,Surco,11/09/2017,5388.95
191-10801-81,C0801,CTA CORRIENTE,La Molina,18/07/2015,10435.32
191-10802-81,C0802,CTA AHORROS SOLES,San Isidro,04/04/2022,11626.06
191-10803-73,C0803,CTA AHORROS SOLES,Miraflores,09/09/2014,13655.42
191-10804-22,C0804,NA,Callao,29/10/2013,8130.07
191-10805-73,C0805,CTA AHORROS SOLES,Miraflores,24/09/2021,12311.39
191-10806-46,C0806,CTA AHORROS SOLES,San Isidro,08/05/2014,10735.41
191-10807-71,C0807,CTA CORRIENTE,Surco,17/12/2020,12280.9
191-10808-56,C0808,NA,Cajamarca,02/08/2020,5216.8
191-10809-40,C0809,NA,Miraflores,08/03/2022,7792.66
191-10810-80,C0810,CTA AHORROS DOLARES,La Molina,16/06/2018,5089.9
191-10811-29,C0811,CTA AHORROS DOLARES,Lince,08/09/2023,13516.58
191-10812-82,C0812,NA,Surco,07/03/2022,9524.83
191-10813-77,C0813,CTA AHORROS SOLES,Lince,08/07/2021,1654.67
191-10814-94,C0814,CTA CORRIENTE,Surco,05/08/2013,12536.96
191-10815-27,C0815,CTA AHORROS SOLES,San Isidro,31/03/2024,11614.2
191-10816-97,C0816,CTA AHORROS DOLARES,La Molina,30/07/2010,13692.44
191-10817-78,C0817,CTA AHORROS DOLARES,Cajamarca,27/05/2021,1272.31
191-10818-59,C0818,CTA AHORROS DOLARES,Surco,15/09/2021,3194.01
191-10819-10,C0819,CTA AHORROS SOLES,Surco,13/02/2012,10506.91
191-10820-18,C0820,CTA CORRIENTE,Miraflores,25/05/2021,9847.66
191-10821-15,C0821,CTA AHORROS DOLARES,Callao,02/03/2018,12107.82
191-10822-21,C0822,CTA CORRIENTE,Miraflores,17/02/2023,5392.25
191-10823-55,C0823,CTA AHORROS SOLES,Surco,30/05/2021,5388.01
191-10824-82,C0824,CTA AHORROS DOLARES,Miraflores,20/02/2024,11812.42
191-10825-51,C0825,CTA AHORROS SOLES,Surco,14/04/2013,1543.87
191-10826-64,C0826,CTA AHORROS SOLES,La Molina,31/05/2012,5016.17
191-10827-16,C0827,NA,Surco,29/09/2014,11019.15
191-10828-22,C0828,CTA AHORROS SOLES,San Isidro,14/02/2011,4589.18
191-10829-33,C0829,CTA AHORROS DOLARES,La Molina,07/08/2011,1946.65
191-10830-39,C0830,CTA AHORROS DOLARES,Miraflores,04/11/2016,14192.0
191-10831-82,C0831,CTA AHORROS SOLES,San Isidro,05/07/2022,6780.61
191-10832-36,C0832,CTA AHORROS SOLES,Lince,28/06/2023,10985.14
191-10833-92,C0833,CTA AHORROS SOLES,San Isidro,18/06/2014,3584.3
191-10834-77,C0834,CTA AHORROS SOLES,Lince,10/05/2017,4240.69
191-10835-62,C0835,CTA CORRIENTE,Miraflores,01/12/2018,2781.27
191-10836-30,C0836,CTA AHORROS SOLES,Lince,11/12/2024,11575.03
191-10837-29,C0837,CTA AHORROS SOLES,Surco,25/06/2014,1643.28
191-10838-35,C0838,CTA AHORROS DOLARES,Cajamarca,16/03/2021,10890.3
191-10839-45,C0839,NA,Miraflores,06/10/2017,10845.31
191-10840-23,C0840,CTA AHORROS SOLES,La Molina,12/11/2022,14200.7
191-10841-37,C0841,CTA AHORROS DOLARES,San Isidro,28/12/2019,7285.15
191-10842-25,C0842,CTA CORRIENTE,Cajamarca,04/07/2023,1506.87
191-10843-20,C0843,CTA AHORROS SOLES,San Isidro,03/08/2017,10123.43
191-10844-79,C0844,NA,San Isidro,09/06/2016,720.8
191-10845-69,C0845,CTA CORRIENTE,Surco,08/01/2022,5936.43
191-10846-52,C0846,CTA AHORROS DOLARES,San Isidro,20/12/2013,3356.79
191-10847-63,C0847,NA,Surco,04/10/2012,11569.38
191-10848-92,C0848,CTA AHORROS SOLES,Callao,26/01/2013,11184.91
191-10849-19,C0849,CTA CORRIENTE,Callao,15/10/2016,7885.11
191-10850-30,C0850,CTA AHORROS DOLARES,Callao,05/05/2010,9522.27
191-10851-90,C0851,NA,Cajamarca,08/06/2022,3826.85
191-10852-90,C0852,CTA AHORROS DOLARES,Surco,29/01/2017,1281.15
191-10853-25,C0853,CTA AHORROS DOLARES,Lince,29/09/2014,6032.31
191-10854-81,C0854,CTA AHORROS DOLARES,Cajamarca,01/01/2023,12069.27
191-10855-19,C0855,CTA AHORROS DOLARES,San Isidro,15/09/2021,8386.94
191-10856-75,C0856,CTA AHORROS DOLARES,Lince,04/12/2024,2724.74
191-10857-30,C0857,CTA AHORROS DOLARES,Cajamarca,08/03/2023,8031.49
191-10858-35,C0858,CTA CORRIENTE,Miraflores,29/07/2015,10923.18
191-10859-98,C0859,NA,Callao,30/05/2021,10453.39
191-10860-14,C0860,CTA AHORROS SOLES,San Isidro,01/08/2015,6222.95
191-10861-43,C0861,NA,Lince,11/01/2014,12759.1
191-10862-72,C0862,NA,Miraflores,03/05/2018,11035.83
191-10863-52,C0863,CTA AHORROS DOLARES,Callao,25/11/2023,3048.31
191-10864-34,C0864,NA,Surco,19/01/2020,12959.2
191-10865-65,C0865,CTA CORRIENTE,San Isidro,05/10/2023,12477.97
191-10866-89,C0866,CTA AHORROS DOLARES,San Isidro,12/05/2016,1574.82
191-10867-94,C0867,NA,Callao,18/05/2015,14804.84
191-10868-70,C0868,CTA AHORROS DOLARES,Surco,06/01/2012,4030.73
191-10869-99,C0869,CTA CORRIENTE,La Molina,10/05/2013,13839.49
191-10870-75,C0870,CTA CORRIENTE,Surco,01/11/2023,9883.45
191-10871-13,C0871,NA,Cajamarca,14/04/2020,12920.67
191-10872-26,C0872,CTA CORRIENTE,Miraflores,21/08/2012,6696.48
191-10873-64,C0873,CTA AHORROS DOLARES,Lince,17/05/2021,2966.37
191-10874-51,C0874,CTA CORRIENTE,Callao,22/06/2011,14637.07
191-10875-18,C0875,CTA AHORROS DOLARES,San Isidro,26/09/2016,14842.19
191-10876-11,C0876,CTA AHORROS DOLARES,Callao,05/09/2010,12236.06
191-10877-64,C0877,CTA AHORROS SOLES,Surco,16/03/2013,8420.81
191-10878-59,C0878,CTA AHORROS DOLARES,San Isidro,26/01/2015,1586.83
191-10879-35,C0879,CTA CORRIENTE,Callao,02/03/2013,13544.72
191-10880-51,C0880,CTA AHORROS SOLES,Miraflores,17/02/2021,13087.18
191-10881-65,C0881,CTA CORRIENTE,San Isidro,01/05/2019,2320.53
191-10882-81,C0882,CTA AHORROS SOLES,Cajamarca,07/09/2011,12013.5
191-10883-58,C0883,CTA CORRIENTE,Callao,24/12/2021,6781.65
191-10884-76,C0884,CTA AHORROS SOLES,San Isidro,20/06/2022,1155.36
191-10885-76,C0885,CTA AHORROS DOLARES,San Isidro,15/02/2016,8949.0
191-10886-67,C0886,CTA AHORROS DOLARES,Surco,16/03/2017,1169.01
191-10887-49,C0887,CTA AHORROS SOLES,San Isidro,07/06/2012,11972.51
191-10888-75,C0888,CTA AHORROS DOLARES,Lince,28/05/2019,3957.1
191-10889-90,C0889,CTA AHORROS DOLARES,La Molina,08/05/2015,14055.5
191-10890-28,C0890,CTA AHORROS SOLES,Cajamarca,12/05/2017,8022.54
191-10891-31,C0891,CTA AHORROS DOLARES,Cajamarca,09/11/2014,3798.5
191-10892-37,C0892,CTA CORRIENTE,Callao,21/04/2015,5895.78
191-10893-54,C0893,NA,Miraflores,03/06/2016,14349.9
191-10894-87,C0894,CTA AHORROS SOLES,La Molina,19/10/2024,12553.43
191-10895-67,C0895,CTA AHORROS SOLES,Miraflores,15/10/2020,12819.02
191-10896-52,C0896,NA,Lince,24/12/2016,8667.27
191-10897-36,C0897,CTA AHORROS SOLES,Surco,04/01/2013,12836.13
191-10898-79,C0898,CTA AHORROS SOLES,La Molina,05/05/2022,13036.56
191-10899-72,C0899,CTA AHORROS DOLARES,Miraflores,11/10/2020,11216.57
191-10900-62,C0900,CTA CORRIENTE,Miraflores,10/04/2017,8259.68
191-10901-76,C0901,CTA AHORROS SOLES,San Isidro,17/12/2014,3634.14
191-10902-98,C0902,NA,Miraflores,04/10/2018,9033.47
191-10903-51,C0903,CTA AHORROS DOLARES,La Molina,06/10/2011,8482.29
191-10904-98,C0904,CTA CORRIENTE,Callao,03/04/2010,3409.25
191-10905-36,C0905,CTA AHORROS SOLES,La Molina,29/03/2010,3812.1
191-10906-50,C0906,NA,La Molina,09/07/2024,9644.02
191-10907-29,C0907,CTA AHORROS SOLES,Callao,11/08/2014,14548.98
191-10908-98,C0908,NA,Cajamarca,05/10/2012,6588.88
191-10909-80,C0909,CTA AHORROS SOLES,San Isidro,01/11/2018,11753.63
191-10910-83,C0910,NA,San Isidro,20/11/2024,3483.23
191-10911-65,C0911,CTA AHORROS DOLARES,Surco,17/12/2020,5281.85
191-10912-56,C0912,CTA CORRIENTE,Lince,31/07/2011,1883.83
191-10913-46,C0913,CTA CORRIENTE,Miraflores,21/01/2022,10396.1
191-10914-32,C0914,NA,Cajamarca,08/06/2024,11282.78
191-10915-21,C0915,NA,Cajamarca,10/02/2016,10264.09
191-10916-15,C0916,CTA AHORROS DOLARES,Callao,04/04/2018,8495.55
191-10917-66,C0917,CTA AHORROS DOLARES,Surco,28/08/2017,5283.82
191-10918-90,C0918,CTA CORRIENTE,La Molina,23/06/2022,4648.01
191-10919-92,C0919,CTA AHORROS SOLES,Cajamarca,09/03/2011,12202.51
191-10920-42,C0920,CTA CORRIENTE,Lince,12/11/2017,6248.31
191-10921-20,C0921,CTA AHORROS SOLES,La Molina,26/02/2012,11328.53
191-10922-77,C0922,CTA AHORROS DOLARES,Cajamarca,20/09/2017,9281.59
191-10923-83,C0923,CTA CORRIENTE,Surco,15/11/2020,12599.43
191-10924-13,C0924,CTA AHORROS DOLARES,Miraflores,01/11/2016,6925.96
191-10925-61,C0925,CTA AHORROS DOLARES,La Molina,07/02/2010,6514.32
191-10926-38,C0926,CTA CORRIENTE,La Molina,01/05/2022,1909.67
191-10927-81,C0927,CTA AHORROS SOLES,Surco,05/03/2013,9439.56
191-10928-99,C0928,CTA AHORROS DOLARES,La Molina,28/09/2023,11486.33
191-10929-41,C0929,NA,La Molina,23/11/2017,11031.35
191-10930-18,C0930,CTA AHORROS SOLES,Cajamarca,25/11/2017,9726.53
191-10931-42,C0931,CTA CORRIENTE,Cajamarca,17/11/2012,12786.87
191-10932-38,C0932,NA,La Molina,21/06/2012,10440.2
191-10933-63,C0933,CTA AHORROS DOLARES,Lince,03/03/2010,5960.6
191-10934-14,C0934,CTA CORRIENTE,Callao,22/04/2018,1898.91
191-10935-91,C0935,CTA AHORROS DOLARES,Surco,18/03/2018,600.84
191-10936-31,C0936,NA,Cajamarca,31/08/2012,874.34
191-10937-97,C0937,CTA CORRIENTE,Lince,22/01/2012,4798.01
191-10938-29,C0938,CTA AHORROS SOLES,La Molina,12/11/2020,563.06
191-10939-51,C0939,CTA AHORROS DOLARES,Cajamarca,03/08/2017,10044.96
191-10940-60,C0940,CTA AHORROS SOLES,Lince,23/05/2018,11334.87
191-10941-27,C0941,NA,Surco,28/03/2012,6555.58
191-10942-36,C0942,CTA AHORROS SOLES,Surco,06/08/2019,12420.86
191-10943-44,C0943,NA,Surco,25/03/2017,14174.86
191-10944-33,C0944,CTA CORRIENTE,Miraflores,06/01/2022,8989.96
191-10945-81,C0945,CTA AHORROS DOLARES,Cajamarca,13/01/2016,14463.14
191-10946-46,C0946,CTA AHORROS SOLES,Surco,24/03/2018,14921.58
191-10947-74,C0947,CTA AHORROS SOLES,La Molina,28/04/2020,9161.63
191-10948-62,C0948,NA,San Isidro,06/02/2013,10189.61
191-10949-70,C0949,CTA CORRIENTE,Lince,29/03/2017,9164.36
191-10950-39,C0950,CTA AHORROS DOLARES,Callao,29/12/2023,8496.96
191-10951-34,C0951,CTA AHORROS SOLES,Miraflores,06/10/2016,13822.81
191-10952-90,C0952,NA,Surco,12/09/2021,3860.64
191-10953-79,C0953,NA,Lince,09/02/2023,12133.34
191-10954-32,C0954,NA,San Isidro,07/04/2024,8761.48
191-10955-30,C0955,NA,Miraflores,29/05/2018,12728.85
191-10956-93,C0956,NA,Surco,08/08/2021,9304.88
191-10957-68,C0957,NA,La Molina,10/09/2018,2232.1
191-10958-95,C0958,CTA CORRIENTE,Miraflores,28/12/2017,9179.2
191-10959-87,C0959,CTA AHORROS DOLARES,San Isidro,23/02/2015,14229.52
191-10960-64,C0960,CTA AHORROS SOLES,San Isidro,20/07/2017,6563.22
191-10961-44,C0961,CTA AHORROS DOLARES,Surco,26/09/2011,14911.56
191-10962-42,C0962,NA,San Isidro,03/11/2017,6185.27
191-10963-41,C0963,NA,La Molina,09/05/2012,13968.03
191-10964-85,C0964,CTA CORRIENTE,La Molina,12/04/2012,918.44
191-10965-45,C0965,CTA CORRIENTE,Miraflores,22/02/2012,7283.1
191-10966-17,C0966,NA,Callao,11/04/2019,13050.87
191-10967-97,C0967,CTA CORRIENTE,San Isidro,07/12/2010,12526.86
191-10968-81,C0968,CTA AHORROS SOLES,Miraflores,16/02/2021,6081.28
191-10969-57,C0969,NA,San Isidro,03/03/2021,11163.09
191-10970-84,C0970,CTA CORRIENTE,Callao,20/04/2012,13867.69
191-10971-14,C0971,CTA CORRIENTE,San Isidro,23/12/2010,4841.06
191-10972-56,C0972,CTA AHORROS SOLES,La Molina,16/03/2014,13264.6
191-10973-89,C0973,CTA AHORROS SOLES,La Molina,16/06/2014,10066.5
191-10974-25,C0974,NA,Callao,06/02/2014,4052.03
191-10975-91,C0975,CTA AHORROS SOLES,Lince,26/07/2013,11068.12
191-10976-88,C0976,CTA AHORROS DOLARES,Surco,30/12/2014,8522.64
191-10977-21,C0977,CTA AHORROS DOLARES,San Isidro,23/03/2022,948.78
191-10978-32,C0978,CTA AHORROS DOLARES,Miraflores,24/06/2011,12730.6
191-10979-21,C0979,CTA AHORROS SOLES,Miraflores,21/10/2016,6146.2
191-10980-29,C0980,NA,Lince,21/10/2013,7129.32
191-10981-94,C0981,CTA AHORROS SOLES,Callao,23/06/2023,3611.12
191-10982-26,C0982,CTA AHORROS SOLES,Surco,30/01/2020,5897.45
191-10983-39,C0983,CTA AHORROS SOLES,Callao,15/11/2020,7820.48
191-10984-57,C0984,NA,Callao,04/05/2022,9515.31
191-10985-25,C0985,NA,Miraflores,29/10/2024,4846.33
191-10986-26,C0986,CTA AHORROS DOLARES,Lince,18/02/2016,4295.0
191-10987-41,C0987,CTA AHORROS DOLARES,Lince,18/02/2015,2799.75
191-10988-50,C0988,CTA CORRIENTE,Miraflores,24/01/2012,8776.09
191-10989-36,C0989,CTA AHORROS SOLES,La Molina,22/08/2019,11969.38
191-10990-93,C0990,CTA AHORROS SOLES,San Isidro,19/01/2021,3569.59
191-10991-77,C0991,CTA CORRIENTE,Surco,16/01/2012,12213.79
191-10992-69,C0992,CTA AHORROS DOLARES,Surco,13/03/2013,4544.4
191-10993-93,C0993,CTA AHORROS SOLES,Surco,07/01/2015,2579.71
191-10994-89,C0994,CTA AHORROS DOLARES,La Molina,14/01/2013,7421.99
191-10995-45,C0995,CTA CORRIENTE,Cajamarca,03/12/2020,5490.08
191-10996-74,C0996,NA,Cajamarca,29/11/2018,3996.1
191-10997-14,C0997,CTA CORRIENTE,Lince,17/06/2020,8245.62
191-10998-71,C0998,CTA CORRIENTE,Lince,20/03/2022,3405.65
191-10999-47,C0999,CTA AHORROS DOLARES,Surco,23/03/2017,6810.54
191-11000-54,C1000,CTA CORRIENTE,Cajamarca,04/09/2021,11353.16
